{
  "accuracy": 0.9820224719101124,
  "precision": 0.9829472694656225,
  "recall": 0.9822128851540617,
  "f1": 0.9823891319277772,
  "auc": 0.9990762009277585
}