{
  "accuracy": 0.9685393258426966,
  "precision": 0.9702732279619595,
  "recall": 0.9679901960784314,
  "f1": 0.968863353163419,
  "auc": 0.9980990202408245
}