{
  "acc": 0.9842696629213483,
  "precision_macro": 0.9841564578282957,
  "recall_macro": 0.9844747899159664,
  "f1_macro": 0.9842619741059051,
  "auc": 0.9987951819563975,
  "confusion_matrix": [
    [
      99,
      0,
      1,
      1,
      1
    ],
    [
      0,
      77,
      0,
      0,
      0
    ],
    [
      2,
      0,
      81,
      0,
      1
    ],
    [
      0,
      0,
      0,
      102,
      0
    ],
    [
      0,
      1,
      0,
      0,
      79
    ]
  ]
}