{
  "acc": 0.9820224719101124,
  "precision_macro": 0.9817812735722802,
  "recall_macro": 0.981121721415839,
  "f1_macro": 0.9814384778301564,
  "auc": 0.9988220876951004,
  "confusion_matrix": [
    [
      100,
      0,
      1,
      0,
      1
    ],
    [
      1,
      75,
      1,
      0,
      0
    ],
    [
      1,
      0,
      82,
      0,
      1
    ],
    [
      0,
      0,
      0,
      102,
      0
    ],
    [
      1,
      1,
      0,
      0,
      78
    ]
  ]
}