{
  "acc": 0.9617977528089887,
  "precision_macro": 0.9639451147850533,
  "recall_macro": 0.9606308887191239,
  "f1_macro": 0.9617931888482966,
  "auc": 0.9986143873053479,
  "confusion_matrix": [
    [
      98,
      0,
      2,
      1,
      1
    ],
    [
      1,
      76,
      0,
      0,
      0
    ],
    [
      5,
      2,
      75,
      1,
      1
    ],
    [
      0,
      0,
      0,
      102,
      0
    ],
    [
      3,
      0,
      0,
      0,
      77
    ]
  ]
}