{
  "accuracy": 0.9865168539325843,
  "precision": 0.9866343096306928,
  "recall": 0.9865546218487395,
  "f1": 0.9865096569503555,
  "auc": null
}