{
  "accuracy": 0.9865168539325843,
  "precision": 0.9854129419122245,
  "recall": 0.9872759103641456,
  "f1": 0.9862211099564284,
  "auc": 0.9976293409325198
}