{
  "accuracy": 0.9842696629213483,
  "precision": 0.9841564578282957,
  "recall": 0.9844747899159664,
  "f1": 0.9842619741059051,
  "auc": 0.9987951819563975
}