{
  "accuracy": 0.9820224719101124,
  "precision": 0.9817812735722802,
  "recall": 0.981121721415839,
  "f1": 0.9814384778301564,
  "auc": 0.9988220876951004
}