{
  "acc": 0.9820224719101124,
  "precision_macro": 0.9829472694656225,
  "recall_macro": 0.9822128851540617,
  "f1_macro": 0.9823891319277772,
  "auc": 0.9990762009277585,
  "confusion_matrix": [
    [
      99,
      0,
      1,
      1,
      1
    ],
    [
      0,
      77,
      0,
      0,
      0
    ],
    [
      2,
      0,
      79,
      2,
      1
    ],
    [
      0,
      0,
      0,
      102,
      0
    ],
    [
      0,
      0,
      0,
      0,
      80
    ]
  ]
}