{
  "acc": 0.9865168539325843,
  "precision_macro": 0.9854129419122245,
  "recall_macro": 0.9872759103641456,
  "f1_macro": 0.9862211099564284,
  "auc": 0.9976293409325198,
  "confusion_matrix": [
    [
      98,
      0,
      2,
      0,
      2
    ],
    [
      0,
      77,
      0,
      0,
      0
    ],
    [
      0,
      0,
      83,
      0,
      1
    ],
    [
      0,
      0,
      0,
      102,
      0
    ],
    [
      0,
      1,
      0,
      0,
      79
    ]
  ]
}