{
  "acc": 0.9685393258426966,
  "precision_macro": 0.9702732279619595,
  "recall_macro": 0.9679901960784314,
  "f1_macro": 0.968863353163419,
  "auc": 0.9980990202408245,
  "confusion_matrix": [
    [
      98,
      0,
      2,
      1,
      1
    ],
    [
      0,
      77,
      0,
      0,
      0
    ],
    [
      5,
      1,
      77,
      0,
      1
    ],
    [
      0,
      0,
      0,
      102,
      0
    ],
    [
      3,
      0,
      0,
      0,
      77
    ]
  ]
}