{
  "accuracy": 0.9865168539325843,
  "precision": 0.9861462397039269,
  "recall": 0.9868557422969187,
  "f1": 0.9864541491778617,
  "auc": null
}