{
  "accuracy": 0.9617977528089887,
  "precision": 0.9639451147850533,
  "recall": 0.9606308887191239,
  "f1": 0.9617931888482966,
  "auc": 0.9986143873053479
}